First Name,Last Name,Position,Jersey,Team,Games Played,Points,Scoring Points,Total Goals,1Pt Goals,2Pt Goals,Assists,Shots,Shooting %,Shots On Goal,Shots On Goal %,2Pt Shots,2Pt Shots %,2Pt Shots On Goal,2Pt Shots On Goal %,Turnovers,Caused Turnovers,Groundballs,Touches,Passes,Faceoff %,Faceoffs Won,Faceoffs Lost,Faceoffs,Scores Against Average,Saves,Save %,Clean Saves,Clean Save %,Scores Against,2Pt Goals Against,Penalties,Penalties (in minutes),Power Play Goals,Power Play Shots,Power Play Goals Against,Short Handed Goals,Short Handed Shots,Unassisted Goals,Assisted Goals
Connor,Shellenberger,A,1,Atlas,10,46,23,23,23,0,23,48,0.47,37,0.77,0,0,0,0,15,1,12,361,298,0,0,0,0,0,0,0,0,0,0,0,2,2,1,1,0,0,0,12,11
Michael,Sowers,A,22,Waterdogs,10,41,18,18,18,0,23,65,0.27,50,0.76,1,0,1,1,25,0,8,325,235,0,0,0,0,0,0,0,0,0,0,0,0,0,1,1,0,0,0,14,4
Jeff,Teat,A,7,Atlas,10,40,17,17,17,0,23,69,0.24,42,0.6,2,0,2,1,23,1,18,376,284,0,0,0,0,0,0,0,0,0,0,0,0,0,1,4,0,0,0,9,8
Pat,Kavanagh,A,51,Outlaws,10,37,21,21,21,0,16,90,0.23,60,0.66,2,0,0,0,24,5,22,454,340,0,0,0,0,0,0,0,0,0,0,0,7,5,0,5,0,0,0,9,12
Chris,Kavanagh,A,96,Redwoods,10,37,25,23,21,2,12,78,0.29,51,0.65,7,0.28,7,1,12,4,23,405,315,0,0,0,0,0,0,0,0,0,0,0,1,2,0,1,0,0,0,11,12
Asher,Nolting,A,32,Cannons,10,36,10,10,10,0,26,37,0.27,23,0.62,0,0,0,0,22,2,11,292,233,0,0,0,0,0,0,0,0,0,0,0,2,2,0,0,0,0,0,6,4
Brennan,O'Neill,A,42,Outlaws,10,34,26,23,20,3,8,85,0.27,49,0.57,10,0.3,3,0.3,12,1,17,365,268,0,0,0,0,0,0,0,0,0,0,0,0,0,1,9,0,0,0,18,5
TJ,Malone,A,7,Whipsnakes,10,33,19,18,17,1,14,62,0.29,42,0.67,2,0.5,2,1,15,1,11,314,237,0,0,0,0,0,0,0,0,0,0,0,0,0,1,2,0,0,0,11,7
Dylan,Molloy,A,4,Redwoods,10,32,27,26,25,1,5,87,0.29,51,0.58,4,0.25,2,0.5,17,2,16,301,197,0,0,0,0,0,0,0,0,0,0,0,3,1.5,3,10,0,0,0,11,15
Kieran,McArdle,A,6,Waterdogs,10,31,19,19,19,0,12,52,0.36,40,0.76,0,0,0,0,23,0,12,284,209,0,0,0,0,0,0,0,0,0,0,0,1,1,3,5,0,0,0,6,13
Aidan,Carroll,A,12,Whipsnakes,10,29,21,21,21,0,8,55,0.38,42,0.76,1,0,0,0,13,1,6,294,226,0,0,0,0,0,0,0,0,0,0,0,2,1.5,1,3,0,0,0,9,12
Jackson,Eicher,A,19,Chaos,10,28,19,18,17,1,9,70,0.25,41,0.58,9,0.11,7,0.77,16,0,6,228,142,0,0,0,0,0,0,0,0,0,0,0,1,0.5,2,5,0,0,0,6,12
Matt,Campbell,M,20,Cannons,10,28,20,18,16,2,8,63,0.28,43,0.68,15,0.13,9,0.6,8,0,6,280,209,0,0,0,0,0,0,0,0,0,0,0,0,0,0,1,0,0,0,11,7
Owen,Hiltz,A,77,Chaos,7,27,16,16,16,0,11,46,0.34,34,0.73,2,0,2,1,15,3,9,209,148,0,0,0,0,0,0,0,0,0,0,0,1,1,1,1,0,0,0,7,9
Matt,Brandau,M,41,Whipsnakes,10,25,22,22,22,0,3,58,0.37,41,0.7,1,0,0,0,11,2,16,241,172,0,0,0,0,0,0,0,0,0,0,0,1,0.5,2,2,0,0,0,10,12
Marcus,Holman,A,1,Cannons,10,24,19,14,9,5,5,55,0.25,34,0.61,19,0.26,13,0.68,11,4,24,376,310,0,0,0,0,0,0,0,0,0,0,0,2,1.5,2,4,0,0,0,3,11
Sam,King,A,9,Archers,10,24,14,13,12,1,10,39,0.33,22,0.56,2,0.5,2,1,20,3,9,223,164,0,0,0,0,0,0,0,0,0,0,0,2,1,1,1,0,0,0,8,5
Xander,Dickson,A,10,Atlas,10,24,22,22,22,0,2,54,0.4,39,0.72,1,0,0,0,12,4,28,172,106,0,0,0,0,0,0,0,0,0,0,0,1,0.5,2,4,0,0,0,1,21
Andrew,McAdorey,M,2,Redwoods,10,24,15,14,13,1,9,41,0.34,27,0.65,4,0.25,3,0.75,12,3,16,263,210,0.31,6,13,19,0,0,0,0,0,0,0,2,2,0,2,0,0,0,13,1
Bryan,Costabile,M,26,Atlas,10,23,19,16,13,3,4,62,0.25,38,0.61,17,0.17,8,0.47,21,4,12,277,194,0,0,0,0,0,0,0,0,0,0,0,1,1,0,4,0,0,0,9,7
Ryder,Garnsey,A,50,Redwoods,10,22,14,14,14,0,8,48,0.29,35,0.72,5,0,1,0.2,18,2,22,325,259,0,0,0,0,0,0,0,0,0,0,0,0,0,0,0,0,0,0,11,3
Jared,Bernhardt,M,10,Outlaws,9,22,18,18,18,0,4,53,0.33,33,0.62,0,0,0,0,17,0,8,236,166,0,0,0,0,0,0,0,0,0,0,0,3,1.5,3,5,0,0,0,14,4
Logan,Wisnauskas,A,12,Outlaws,10,21,13,13,13,0,8,43,0.3,31,0.72,3,0,2,0.66,20,0,8,250,187,0,0,0,0,0,0,0,0,0,0,0,1,2,3,4,0,0,0,3,10
Rob,Pannell,A,3,Whipsnakes,8,20,7,7,7,0,13,42,0.16,27,0.64,0,0,0,0,19,2,10,271,210,0,0,0,0,0,0,0,0,0,0,0,1,0.5,0,1,0,0,0,6,1
Connor,Fields,A,5,Archers,10,20,14,14,14,0,6,47,0.29,31,0.65,0,0,0,0,16,3,15,254,191,0,0,0,0,0,0,0,0,0,0,0,1,0.5,2,3,0,0,0,4,10
Ryan,Drenner,M,22,Cannons,10,20,18,18,18,0,2,39,0.46,24,0.61,2,0,2,1,5,2,4,212,168,0,0,0,0,0,0,0,0,0,0,0,0,0,3,4,0,0,0,8,10
Ross,Scott,M,15,Chaos,10,20,12,12,12,0,8,38,0.31,25,0.65,0,0,0,0,15,0,8,247,194,0,0,0,0,0,0,0,0,0,0,0,0,0,1,1,0,0,0,7,5
Coulter,Mackesy,A,91,Cannons,8,20,15,15,15,0,5,54,0.27,35,0.64,4,0,2,0.5,11,1,10,247,182,0,0,0,0,0,0,0,0,0,0,0,3,2,3,4,0,0,0,6,9
Matt,Traynor,M,2,Atlas,10,20,12,12,12,0,8,52,0.23,29,0.55,2,0,2,1,13,2,16,189,124,0,0,0,0,0,0,0,0,0,0,0,0,0,2,6,0,0,0,5,7
Mac,O'Keefe,A,7,Archers,10,18,11,10,9,1,7,48,0.2,35,0.72,8,0.12,5,0.62,9,1,11,205,148,0,0,0,0,0,0,0,0,0,0,0,1,1,1,5,0,0,0,1,9
Connor,Kelly,M,40,Waterdogs,10,17,13,10,7,3,4,61,0.16,25,0.4,17,0.17,6,0.35,11,2,8,224,152,0,0,0,0,0,0,0,0,0,0,0,1,0.5,0,7,0,0,0,6,4
Jack,Hannah,M,3,Waterdogs,10,17,15,15,15,0,2,59,0.25,35,0.59,7,0,4,0.57,15,1,20,236,162,0,0,0,0,0,0,0,0,0,0,0,2,1.5,1,7,0,0,0,10,5
Dalton,Young,M,11,Outlaws,10,17,11,11,11,0,6,25,0.44,20,0.8,0,0,0,0,7,2,8,172,140,0,0,0,0,0,0,0,0,0,0,0,1,0.5,1,2,0,0,0,6,5
Adam,Charalambides,A,8,Chaos,9,16,14,14,14,0,2,50,0.28,31,0.62,2,0,1,0.5,18,1,7,271,203,0,0,0,0,0,0,0,0,0,0,0,5,3.5,2,4,0,0,0,6,8
Tom,Schreiber,M,26,Archers,8,15,6,6,6,0,9,34,0.17,18,0.52,3,0,1,0.33,21,2,8,207,152,0,0,0,0,0,0,0,0,0,0,0,1,1,0,2,0,0,0,3,3
Brad,Smith,M,27,Whipsnakes,10,15,14,10,6,4,1,46,0.21,24,0.52,15,0.26,11,0.73,14,1,10,258,198,0,0,0,0,0,0,0,0,0,0,0,1,1,2,5,0,0,0,6,4
Thomas,McConvey,M,12,Waterdogs,10,15,13,13,13,0,2,30,0.43,23,0.76,1,0,0,0,5,1,11,171,136,0,0,0,0,0,0,0,0,0,0,0,0,0,0,3,0,0,0,4,9
Josh,Zawada,A,79,Chaos,8,14,9,9,9,0,5,31,0.29,23,0.74,0,0,0,0,14,1,10,264,219,0,0,0,0,0,0,0,0,0,0,0,1,0.5,0,0,0,0,0,2,7
Jake,Taylor,A,10,Waterdogs,9,14,11,11,11,0,3,33,0.33,25,0.75,0,0,0,0,9,0,12,87,45,0,0,0,0,0,0,0,0,0,0,0,1,1,1,1,0,0,0,4,7
CJ,Kirst,A,15,Waterdogs,4,13,9,9,9,0,4,27,0.33,20,0.74,0,0,0,0,3,1,4,102,72,0,0,0,0,0,0,0,0,0,0,0,0,0,1,1,0,0,0,7,2
Dyson,Williams,M,51,Archers,10,13,12,12,12,0,1,28,0.42,23,0.82,1,0,0,0,6,0,5,76,42,0,0,0,0,0,0,0,0,0,0,0,0,0,0,2,0,0,0,4,8
Adam,Poitras,M,51,Whipsnakes,10,13,8,8,8,0,5,32,0.25,23,0.71,0,0,0,0,10,1,35,209,167,0,0,0,0,0,0,0,0,0,0,0,1,0.5,0,0,0,0,0,3,5
Reid,Bowering,M,98,Atlas,7,13,10,10,10,0,3,20,0.5,17,0.85,0,0,0,0,5,1,17,95,70,0,0,0,0,0,0,0,0,0,0,0,1,0.5,3,5,0,0,0,2,8
Jake,Piseno,LSM,88,Outlaws,10,12,8,5,2,3,4,15,0.33,7,0.46,11,0.27,4,0.36,7,12,34,88,66,0,0,0,0,0,0,0,0,0,0,0,0,0,0,0,0,0,0,1,4
Zach,Currier,M,77,Waterdogs,10,11,8,8,8,0,3,30,0.26,20,0.66,1,0,1,1,11,3,38,197,156,0.1,1,9,10,0,0,0,0,0,0,0,2,2,0,0,0,0,0,5,3
Grant,Ament,M,16,Archers,8,11,3,3,3,0,8,32,0.09,14,0.43,1,0,1,1,17,1,4,215,166,0,0,0,0,0,0,0,0,0,0,0,0,0,0,0,0,0,0,3,0
Shane,Knobloch,M,27,Chaos,4,11,7,6,5,1,4,22,0.27,12,0.54,1,1,1,1,4,0,4,84,58,0,0,0,0,0,0,0,0,0,0,0,0,0,0,0,0,0,0,5,1
Justin,Anderson,M,21,Outlaws,10,10,9,9,9,0,1,27,0.33,14,0.51,3,0,0,0,9,3,15,148,112,0,0,0,0,0,0,0,0,0,0,0,1,1,0,0,0,0,0,2,7
Romar,Dennis,M,5,Redwoods,8,10,9,5,1,4,1,42,0.11,21,0.5,25,0.16,13,0.52,1,1,4,162,119,0,0,0,0,0,0,0,0,0,0,0,0,0,1,5,0,0,0,3,2
Will,Manny,A,0,Cannons,5,10,7,7,7,0,3,23,0.3,16,0.69,0,0,0,0,5,2,4,94,66,0,0,0,0,0,0,0,0,0,0,0,1,0.5,0,1,0,0,0,1,6
Connor,Kirst,M,34,Cannons,10,10,8,7,6,1,2,29,0.24,15,0.51,7,0.14,4,0.57,14,1,12,109,66,0.36,8,14,22,0,0,0,0,0,0,0,2,1.5,0,0,0,0,0,1,6
Michael,Grace,LSM,20,Atlas,8,10,6,4,2,2,4,6,0.66,5,0.83,4,0.5,3,0.75,1,6,18,58,51,0,0,0,0,0,0,0,0,0,0,0,1,1,0,0,0,0,0,0,4
Levi,Anderson,M,88,Whipsnakes,8,10,9,9,9,0,1,32,0.28,23,0.71,0,0,0,0,6,1,3,115,77,0,0,0,0,0,0,0,0,0,0,0,0,0,1,1,0,0,0,6,3
Colin,Heacock,M,10,Whipsnakes,8,9,8,8,8,0,1,27,0.29,17,0.62,3,0,0,0,4,1,1,98,67,0,0,0,0,0,0,0,0,0,0,0,1,1,0,0,0,0,0,0,8
Jake,Stevens,M,14,Atlas,10,9,9,9,9,0,0,33,0.27,20,0.6,1,0,0,0,16,1,10,116,67,0,0,0,0,0,0,0,0,0,0,0,2,1,0,0,0,0,0,1,8
Graham,Bundy,M,0,Outlaws,10,9,7,4,1,3,2,38,0.1,22,0.57,22,0.13,13,0.59,3,1,5,226,185,0,0,0,0,0,0,0,0,0,0,0,2,1,1,4,0,0,1,1,3
Aidan,Danenza,M,88,Redwoods,6,9,9,9,9,0,0,28,0.32,18,0.64,2,0,0,0,7,0,4,116,81,0,0,0,0,0,0,0,0,0,0,0,1,0.5,1,3,0,0,0,2,7
Josh,Balcarcel,M,34,Redwoods,10,9,7,7,7,0,2,22,0.31,20,0.9,2,0,1,0.5,7,0,6,158,129,0,0,0,0,0,0,0,0,0,0,0,2,1,0,0,0,0,1,6,1
JJ,Sillstrop,M,51,Chaos,10,8,5,5,5,0,3,22,0.22,18,0.81,0,0,0,0,9,2,3,141,110,0,0,0,0,0,0,0,0,0,0,0,0,0,0,0,0,0,0,3,2
Ryan,Terefenko,SSDM,34,Outlaws,10,8,6,5,4,1,2,15,0.33,10,0.66,5,0.2,2,0.4,8,2,18,142,119,0,0,6,6,0,0,0,0,0,0,0,1,0.5,0,0,0,0,0,1,4
Charlie,Bertrand,M,41,Redwoods,7,8,5,5,5,0,3,26,0.19,17,0.65,2,0,1,0.5,6,0,5,113,81,0,0,0,0,0,0,0,0,0,0,0,1,1,0,3,0,0,0,4,1
Ryan,Ambler,M,13,Archers,9,8,7,7,7,0,1,19,0.36,11,0.57,1,0,0,0,8,0,4,107,80,0,0,0,0,0,0,0,0,0,0,0,0,0,1,1,0,0,0,2,5
Mason,Woodward,LSM,77,Archers,10,8,6,3,0,3,2,11,0.27,7,0.63,10,0.3,6,0.6,4,6,23,73,58,0,0,0,0,0,0,0,0,0,0,0,4,2.5,0,0,0,0,0,1,2
Sergio,Perkovic,M,30,Chaos,7,7,6,5,4,1,1,31,0.16,19,0.61,10,0.1,7,0.7,6,0,1,121,84,0,0,0,0,0,0,0,0,0,0,0,1,1,0,4,0,0,0,1,4
Matt,Moore,A,11,Archers,4,7,6,6,6,0,1,25,0.24,15,0.6,4,0,2,0.5,7,0,6,115,83,0,0,0,0,0,0,0,0,0,0,0,1,0.5,1,2,0,0,0,2,4
TD,Ierlan,FO,6,Redwoods,10,6,3,3,3,0,3,12,0.25,8,0.66,0,0,0,0,5,2,74,76,59,0.6,150,97,248,0,0,0,0,0,0,0,0,0,0,0,0,0,0,2,1
Jeff,Trainor,SSDM,43,Cannons,10,6,6,6,6,0,0,15,0.4,10,0.66,2,0,0,0,3,4,14,88,70,0,0,0,0,0,0,0,0,0,0,0,3,3.5,0,0,0,0,1,4,2
Tre,Leclaire,M,44,Archers,5,6,5,5,5,0,1,23,0.21,16,0.69,6,0,5,0.83,8,0,5,101,70,0,0,0,0,0,0,0,0,0,0,0,0,0,0,1,0,0,0,4,1
Hugh,Kelleher,M,27,Atlas,6,6,5,5,5,0,1,20,0.25,8,0.4,3,0,1,0.33,4,0,6,75,51,0,0,0,0,0,0,0,0,0,0,0,0,0,0,0,0,0,0,5,0
Ben,Wayer,LSM,4,Waterdogs,10,6,4,3,2,1,2,14,0.21,7,0.5,7,0.14,4,0.57,6,7,27,76,56,0,0,0,0,0,0,0,0,0,0,0,3,3,0,0,0,0,0,1,2
Garrett,Degnon,M,40,Chaos,4,6,4,4,4,0,2,18,0.22,9,0.5,3,0,1,0.33,2,0,5,74,54,0,0,0,0,0,0,0,0,0,0,0,0,0,1,3,0,0,0,2,2
Ben,Ramsey,SSDM,24,Cannons,10,6,3,2,1,1,3,5,0.4,5,1,1,1,1,1,2,3,26,94,87,0,0,0,0,0,0,0,0,0,0,0,3,1.5,0,0,0,0,0,1,1
Beau,Pederson,SSDM,89,Archers,10,6,5,4,3,1,1,10,0.4,6,0.6,5,0.2,2,0.4,6,4,15,79,63,0.22,4,13,18,0,0,0,0,0,0,0,3,1.5,0,0,0,0,0,2,2
Michael,Manley,D,37,Outlaws,10,5,4,3,2,1,1,6,0.5,3,0.5,3,0.33,1,0.33,5,7,19,68,57,0,0,0,0,0,0,0,0,0,0,0,4,4,0,0,0,0,0,1,2
Trevor,Baptiste,FO,9,Atlas,10,5,4,4,4,0,1,14,0.28,10,0.71,0,0,0,0,7,5,87,112,91,0.58,156,106,265,0,0,0,0,0,0,0,1,0.5,0,0,0,0,0,3,1
Myles,Jones,M,8,Atlas,3,5,1,1,1,0,4,5,0.2,3,0.6,0,0,0,0,5,0,2,59,49,0,0,0,0,0,0,0,0,0,0,0,0,0,0,1,0,0,0,1,0
Sam,Handley,M,26,Redwoods,4,5,4,3,2,1,1,18,0.16,12,0.66,7,0.14,5,0.71,4,0,3,80,58,0,0,0,0,0,0,0,0,0,0,0,0,0,1,3,0,1,1,1,2
Owen,Grant,LSM,81,Cannons,10,5,3,2,1,1,2,10,0.2,7,0.7,6,0.16,4,0.66,2,11,16,49,37,0,0,0,0,0,0,0,0,0,0,0,2,2,0,0,0,0,1,1,1
Cross,Ferrara,M,22,Chaos,6,5,5,5,5,0,0,22,0.22,12,0.54,1,0,0,0,5,0,0,69,42,0,0,0,0,0,0,0,0,0,0,0,0,0,0,0,0,0,0,5,0
Zach,Geddes,SSDM,13,Outlaws,10,5,4,3,2,1,1,9,0.33,7,0.77,1,1,1,1,4,7,17,86,73,0,0,2,2,0,0,0,0,0,0,0,3,1.5,0,0,0,0,0,1,2
Mic,Kelly,M,21,Cannons,5,5,3,3,3,0,2,24,0.12,14,0.58,1,0,0,0,6,1,3,97,67,0,0,0,0,0,0,0,0,0,0,0,0,0,0,1,0,0,0,3,0
Zac,Tucci,FO,4,Cannons,10,5,5,4,3,1,0,13,0.3,7,0.53,3,0.33,1,0.33,5,1,46,44,26,0.43,112,141,255,0,0,0,0,0,0,0,5,4.5,0,0,0,0,0,4,0
Matt,Rambo,A,9,Whipsnakes,6,4,0,0,0,0,4,16,0,8,0.5,0,0,0,0,4,0,2,74,54,0,0,0,0,0,0,0,0,0,0,0,0,0,0,0,0,0,0,0,0
Sam,English,M,10,Redwoods,4,4,3,3,3,0,1,12,0.25,8,0.66,1,0,1,1,8,5,9,79,59,0,0,0,0,0,0,0,0,0,0,0,0,0,0,0,0,0,0,2,1
Ray,Dearth,SSDM,9,Chaos,8,4,2,1,0,1,2,2,0.5,1,0.5,1,1,1,1,1,2,10,43,40,0,0,4,4,0,0,0,0,0,0,0,1,0.5,0,0,0,0,0,1,0
Jarrod,Neumann,D,88,Chaos,10,4,4,2,0,2,0,6,0.33,4,0.66,6,0.33,4,0.66,5,2,13,70,59,0,0,0,0,0,0,0,0,0,0,0,2,1,0,0,0,0,0,0,2
Jared,Conners,LSM,28,Redwoods,10,4,2,1,0,1,2,8,0.12,3,0.37,7,0.14,3,0.42,5,6,25,76,63,0,0,0,0,0,0,0,0,0,0,0,0,0,0,0,0,0,0,0,1
Jules,Heningburg,M,16,Cannons,4,4,3,2,1,1,1,11,0.18,4,0.36,2,0.5,1,0.5,2,0,1,50,37,0,0,0,0,0,0,0,0,0,0,0,0,0,0,0,0,0,0,1,1
Brian,Tevlin,SSDM,12,Redwoods,10,4,2,2,2,0,2,13,0.15,4,0.3,3,0,1,0.33,3,12,25,127,111,0.14,1,6,7,0,0,0,0,0,0,0,3,2.5,0,0,0,0,0,1,1
Jimmy,Freehill,D,5,Waterdogs,9,4,4,2,0,2,0,7,0.28,6,0.85,7,0.28,6,0.85,2,7,15,72,63,0,0,0,0,0,0,0,0,0,0,0,3,3,0,0,0,0,0,0,2
Alexander,Vardaro,M,19,Cannons,3,4,1,1,1,0,3,10,0.1,5,0.5,2,0,2,1,4,0,1,52,38,0,0,0,0,0,0,0,0,0,0,0,0,0,0,0,0,0,0,0,1
Graydon,Hogg,A,45,Cannons,3,4,3,3,3,0,1,12,0.25,8,0.66,0,0,0,0,4,0,3,52,36,0,0,0,0,0,0,0,0,0,0,0,0,0,0,0,0,0,0,1,2
Luke,Wierman,FO,52,Outlaws,10,4,3,3,3,0,1,20,0.15,10,0.5,6,0,2,0.33,10,5,78,82,52,0.52,132,119,253,0,0,0,0,0,0,0,2,1,0,0,0,0,0,3,0
Mark,Glicini,SSDM,16,Chaos,10,3,3,2,1,1,0,7,0.28,5,0.71,2,0.5,2,1,2,5,13,69,60,0.07,1,12,13,0,0,0,0,0,0,0,3,2,0,0,0,0,0,1,1
Justin,Inacio,FO,45,Chaos,7,3,2,2,2,0,1,11,0.18,5,0.45,1,0,1,1,8,0,72,62,43,0.6,103,65,169,0,0,0,0,0,0,0,2,1,0,0,0,0,0,2,0
Brett,Makar,D,43,Atlas,9,3,3,2,1,1,0,8,0.25,3,0.37,4,0.25,2,0.5,2,8,21,76,66,0,0,0,0,0,0,0,0,0,0,0,1,1,0,1,0,0,0,2,0
Christian,Scarpello,SSDM,50,Waterdogs,5,3,3,3,3,0,0,3,1,3,1,0,0,0,0,3,0,6,26,20,0,0,1,1,0,0,0,0,0,0,0,0,0,0,0,0,0,0,1,2
Cam,Wyers,D,20,Archers,8,3,2,2,2,0,1,3,0.66,3,1,1,0,1,1,6,4,7,27,18,0,0,0,0,0,0,0,0,0,0,0,1,0.5,0,0,0,0,0,1,1
Connor,Maher,SSDM,31,Archers,10,3,1,1,1,0,2,2,0.5,1,0.5,1,0,0,0,3,3,12,57,52,0.12,1,7,8,0,0,0,0,0,0,0,0,0,0,0,0,0,0,0,1
Piper,Bond,SSDM,54,Archers,10,3,2,2,2,0,1,6,0.33,4,0.66,0,0,0,0,8,6,15,101,87,0.15,2,11,13,0,0,0,0,0,0,0,5,3,0,0,0,0,0,0,2
Jake,Bernhardt,SSDM,83,Whipsnakes,10,2,2,1,0,1,0,5,0.2,2,0.4,3,0.33,1,0.33,3,1,8,53,45,0.14,2,12,14,0,0,0,0,0,0,0,1,0.5,0,0,0,0,0,1,0
Danny,Logan,SSDM,91,Atlas,9,2,1,1,1,0,1,3,0.33,1,0.33,1,0,0,0,3,2,12,61,55,0.16,2,10,12,0,0,0,0,0,0,0,5,3,0,0,0,0,0,0,1
Joseph,Nardella,FO,91,Whipsnakes,10,2,2,2,2,0,0,5,0.4,3,0.6,0,0,0,0,5,4,58,83,73,0.59,144,95,241,0,0,0,0,0,0,0,1,0.5,0,0,0,0,0,2,0
Mikie,Schlosser,M,59,Waterdogs,3,2,2,2,2,0,0,6,0.33,5,0.83,1,0,0,0,2,0,1,30,22,0,0,0,0,0,0,0,0,0,0,0,0,0,0,0,0,0,0,1,1
Michael,Rexrode,D,22,Atlas,10,2,2,1,0,1,0,1,1,1,1,1,1,1,1,2,12,14,55,52,0,0,0,0,0,0,0,0,0,0,0,3,2,0,0,0,0,0,1,0
Kyle,Jackson,M,47,Atlas,3,2,1,1,1,0,1,10,0.1,7,0.7,0,0,0,0,2,0,0,53,41,0,0,0,0,0,0,0,0,0,0,0,0,0,1,3,0,0,0,0,1
Mike,Sisselberger,FO,99,Archers,5,2,1,1,1,0,1,5,0.2,3,0.6,1,0,1,1,3,0,22,19,11,0.35,36,64,101,0,0,0,0,0,0,0,0,0,0,0,0,0,0,1,0
Max,Krevsky,SSDM,48,Atlas,8,2,0,0,0,0,2,5,0,3,0.6,0,0,0,0,7,2,6,63,51,0,0,2,2,0,0,0,0,0,0,0,1,1,0,0,0,0,0,0,0
Jonathan,Donville,M,3,Outlaws,5,2,2,2,2,0,0,7,0.28,5,0.71,0,0,0,0,3,1,4,60,50,0,0,0,0,0,0,0,0,0,0,0,1,1,0,0,0,0,0,0,2
Jack,McDonald,LSM,11,Whipsnakes,4,2,2,2,2,0,0,2,1,2,1,0,0,0,0,1,0,5,15,12,0,0,0,0,0,0,0,0,0,0,0,0,0,0,0,0,0,0,2,0
Dylan,Hess,SSDM,8,Waterdogs,10,2,1,1,1,0,1,6,0.16,3,0.5,2,0,0,0,0,4,11,73,67,0,0,6,6,0,0,0,0,0,0,0,0,0,0,0,0,0,0,0,1
Greg,Langermeier,SSDM,38,Chaos,9,2,0,0,0,0,2,5,0,0,0,0,0,0,0,4,4,8,56,47,0.33,1,2,3,0,0,0,0,0,0,0,1,0.5,0,0,0,0,0,0,0
Bryce,Ford,M,23,Archers,3,2,2,2,2,0,0,4,0.5,3,0.75,0,0,0,0,1,0,2,22,17,0,0,0,0,0,0,0,0,0,0,0,0,0,0,0,0,0,0,2,0
Alec,Stathakis,FO,73,Waterdogs,10,2,2,2,2,0,0,12,0.16,4,0.33,4,0,1,0.25,7,2,58,74,55,0.52,131,114,248,0,0,0,0,0,0,0,0,0,0,0,0,0,0,0,2
Jack,VanOverbeke,M,9,Outlaws,6,2,0,0,0,0,2,14,0,8,0.57,0,0,0,0,5,0,2,60,41,0,0,0,0,0,0,0,0,0,0,0,0,0,0,0,0,0,0,0,0
Roman,Puglise,SSDM,8,Whipsnakes,8,2,1,1,1,0,1,6,0.16,4,0.66,1,0,1,1,3,1,11,82,73,0,0,0,0,0,0,0,0,0,0,0,6,3.5,0,0,0,0,0,1,0
Jack,Gray,SSDM,20,Outlaws,4,2,1,1,1,0,1,1,1,1,1,0,0,0,0,0,1,1,10,9,1,1,0,1,0,0,0,0,0,0,0,1,0.5,0,0,0,0,0,1,0
Tyler,Carpenter,LSM,5,Atlas,10,2,1,1,1,0,1,5,0.2,3,0.6,4,0,2,0.5,4,7,28,85,76,0,0,0,0,0,0,0,0,0,0,0,0,0,0,0,0,0,0,0,1
Chris,Merle,SSDM,23,Redwoods,3,1,1,1,1,0,0,1,1,1,1,0,0,0,0,0,1,4,13,12,0,0,1,1,0,0,0,0,0,0,0,0,0,0,0,0,0,0,0,1
Marcus,Hudgins,LSM,11,Waterdogs,7,1,0,0,0,0,1,1,0,1,1,1,0,1,1,4,9,16,38,33,0,0,0,0,0,0,0,0,0,0,0,0,0,0,0,0,0,0,0,0
Colin,Squires,LSM,39,Whipsnakes,10,1,0,0,0,0,1,1,0,0,0,1,0,0,0,5,3,35,55,49,0,0,0,0,0,0,0,0,0,0,0,1,1,0,0,0,0,0,0,0
Kenny,Brower,D,29,Waterdogs,8,1,0,0,0,0,1,1,0,1,1,1,0,1,1,0,9,13,47,46,0,0,0,0,0,0,0,0,0,0,0,3,2,0,0,0,0,0,0,0
CJ,Costabile,LSM,6,Player Pool,1,1,1,1,1,0,0,1,1,1,1,0,0,0,0,0,0,2,4,3,0,0,0,0,0,0,0,0,0,0,0,0,0,0,0,0,0,0,0,1
Ben,Randall,D,44,Waterdogs,10,1,1,1,1,0,0,5,0.2,4,0.8,2,0,1,0.5,6,13,21,93,82,0,0,0,0,0,0,0,0,0,0,0,0,0,0,0,0,0,0,0,1
Matt,Whitcher,SSDM,33,Waterdogs,9,1,1,1,1,0,0,6,0.16,4,0.66,2,0,1,0.5,2,5,11,62,54,0,0,1,1,0,0,0,0,0,0,0,3,2,0,0,0,0,0,0,1
Matthew,Dunn,D,33,Whipsnakes,10,1,1,1,1,0,0,5,0.2,4,0.8,3,0,3,1,6,5,11,83,72,0,0,0,0,0,0,0,0,0,0,0,1,0.5,0,0,0,0,2,1,0
Troy,Reh,LSM,10,Chaos,10,1,1,1,1,0,0,4,0.25,1,0.25,2,0,0,0,5,11,37,111,102,0,0,0,0,0,0,0,0,0,0,0,2,1.5,0,0,0,0,0,1,0
Patrick,Resch,SSDM,34,Archers,3,1,0,0,0,0,1,0,0,0,0,0,0,0,0,3,0,4,25,22,0,0,1,1,0,0,0,0,0,0,0,2,1.5,0,0,0,0,0,0,0
Graeme,Hossack,D,81,Archers,10,1,1,1,1,0,0,8,0.12,4,0.5,4,0,2,0.5,2,14,24,80,70,0,0,0,0,0,0,0,0,0,0,0,2,2,0,0,0,0,0,1,0
Scott,Smith,D,18,Chaos,6,1,1,1,1,0,0,10,0.1,6,0.6,5,0,2,0.4,0,6,8,33,23,0,0,0,0,0,0,0,0,0,0,0,1,0.5,0,0,0,0,0,1,0
Gannon,Matthews,A,24,Player Pool,1,1,0,0,0,0,1,1,0,1,1,0,0,0,0,2,0,0,11,8,0,0,0,0,0,0,0,0,0,0,0,1,0.5,0,0,0,0,0,0,0
Christian,Mazur,SSDM,85,Whipsnakes,10,1,1,1,1,0,0,5,0.2,2,0.4,1,0,0,0,1,4,13,69,63,0,0,0,0,0,0,0,0,0,0,0,0,0,0,0,0,0,0,1,0
Ajax,Zappitello,D,36,Whipsnakes,10,1,0,0,0,0,1,3,0,0,0,0,0,0,0,4,17,16,98,91,0,0,0,0,0,0,0,0,0,0,0,1,0.5,0,0,0,0,0,0,0
Michael,Lampert,A,7,Waterdogs,3,1,0,0,0,0,1,3,0,2,0.66,0,0,0,0,4,0,0,20,13,0,0,0,0,0,0,0,0,0,0,0,0,0,0,0,0,0,0,0,0
JT,Giles-Harris,D,1,Outlaws,10,1,0,0,0,0,1,2,0,2,1,1,0,1,1,4,7,13,66,60,0,0,0,0,0,0,0,0,0,0,0,1,1,0,0,0,0,0,0,0
Jack,Posey,D,43,Chaos,5,1,0,0,0,0,1,0,0,0,0,0,0,0,0,2,3,5,21,19,0,0,0,0,0,0,0,0,0,0,0,0,0,0,0,0,0,0,0,0
Ethan,Rall,LSM,35,Cannons,10,1,1,1,1,0,0,7,0.14,5,0.71,3,0,1,0.33,3,13,23,41,31,0,0,0,0,0,0,0,0,0,0,0,1,0.5,0,0,0,0,0,1,0
Liam,Entenmann,G,44,Atlas,10,1,0,0,0,0,1,4,0,0,0,4,0,0,0,4,1,22,183,175,0,0,0,0,11.86,152,0.55,61,0.4,120,6,0,0,0,0,5,0,0,0,0
Brendan,Lavelle,D,46,Archers,10,1,0,0,0,0,1,0,0,0,0,0,0,0,0,3,6,34,83,80,0,0,0,0,0,0,0,0,0,0,0,2,1.5,0,0,0,0,0,0,0
Chris,Aslanian,M,3,Chaos,1,0,0,0,0,0,0,2,0,2,1,0,0,0,0,0,0,0,9,7,0,0,0,0,0,0,0,0,0,0,0,0,0,0,0,0,0,0,0,0
Alexander,Smith,SSDM,39,Outlaws,6,0,0,0,0,0,0,1,0,0,0,1,0,0,0,2,3,6,30,27,0,0,0,0,0,0,0,0,0,0,0,0,0,0,0,0,0,0,0,0
Chris,Fake,D,31,Redwoods,10,0,0,0,0,0,0,3,0,2,0.66,3,0,2,0.66,3,3,16,66,60,0,0,0,0,0,0,0,0,0,0,0,3,4,0,0,0,0,0,0,0
Arden,Cohen,LSM,40,Redwoods,8,0,0,0,0,0,0,0,0,0,0,0,0,0,0,3,11,18,32,29,0,0,0,0,0,0,0,0,0,0,0,6,6,0,0,0,0,0,0,0
Jack,Kielty,D,40,Cannons,10,0,0,0,0,0,0,1,0,0,0,0,0,0,0,0,12,7,56,55,0,0,0,0,0,0,0,0,0,0,0,1,1,0,0,0,0,0,0,0
Dillon,Ward,G,37,Waterdogs,5,0,0,0,0,0,0,0,0,0,0,0,0,0,0,0,2,9,58,58,0,0,0,0,12.75,41,0.41,15,0.36,58,6,0,0,0,0,3,0,0,0,0
Zach,Goodrich,SSDM,14,Cannons,10,0,0,0,0,0,0,0,0,0,0,0,0,0,0,2,4,4,49,47,0,0,7,7,0,0,0,0,0,0,0,5,2.5,0,0,0,0,0,0,0
Blaze,Riorden,G,0,Chaos,10,0,0,0,0,0,0,4,0,3,0.75,4,0,3,0.75,5,6,17,177,168,0,0,0,0,12.6,149,0.54,60,0.4,122,11,0,0,0,0,7,0,0,0,0
Jesse,Bernhardt,D,36,Outlaws,10,0,0,0,0,0,0,1,0,0,0,1,0,0,0,2,6,13,67,64,0,0,0,0,0,0,0,0,0,0,0,2,1.5,0,0,0,0,0,0,0
Eric,Law,A,15,Outlaws,1,0,0,0,0,0,0,0,0,0,0,0,0,0,0,0,0,0,4,4,0,0,0,0,0,0,0,0,0,0,0,0,0,0,0,0,0,0,0,0
Jack,Rowlett,D,99,Chaos,10,0,0,0,0,0,0,0,0,0,0,0,0,0,0,3,6,9,68,65,0,0,0,0,0,0,0,0,0,0,0,3,3,0,0,0,0,0,0,0
Ryland,Rees,LSM,17,Redwoods,3,0,0,0,0,0,0,2,0,0,0,1,0,0,0,2,0,2,11,7,0,0,0,0,0,0,0,0,0,0,0,0,0,0,0,0,0,0,0,0
Greg,Weyl,D,57,Outlaws,2,0,0,0,0,0,0,0,0,0,0,0,0,0,0,0,0,1,1,1,0,0,0,0,0,0,0,0,0,0,0,0,0,0,0,0,0,0,0,0
Matt,DeLuca,G,1,Waterdogs,6,0,0,0,0,0,0,0,0,0,0,0,0,0,0,0,0,5,71,71,0,0,0,0,12.54,71,0.5,24,0.33,69,9,0,0,0,0,3,0,0,0,0
Tim,Muller,D,14,Whipsnakes,10,0,0,0,0,0,0,2,0,1,0.5,0,0,0,0,0,3,18,70,68,0,0,0,0,0,0,0,0,0,0,0,1,0.5,0,0,0,0,0,0,0
Eli,Gobrecht,D,25,Waterdogs,6,0,0,0,0,0,0,0,0,0,0,0,0,0,0,0,3,2,15,15,0,0,1,1,0,0,0,0,0,0,0,1,1,0,0,0,0,0,0,0
Austin,Kaut,G,14,Chaos,2,0,0,0,0,0,0,0,0,0,0,0,0,0,0,0,0,0,8,8,0,0,0,0,8.02,5,0.62,1,0.2,3,0,0,0,0,0,0,0,0,0,0
Dox,Aitken,M,6,Atlas,2,0,0,0,0,0,0,4,0,1,0.25,0,0,0,0,2,0,1,19,13,0,0,0,0,0,0,0,0,0,0,0,1,0.5,0,0,0,0,0,0,0
Adam,Ghitelman,G,8,Cannons,1,0,0,0,0,0,0,0,0,0,0,0,0,0,0,0,0,0,1,1,0,0,0,0,0,0,0,0,0,0,0,0,0,0,0,0,0,0,0,0
Warren,Jeffrey,D,27,Archers,10,0,0,0,0,0,0,0,0,0,0,0,0,0,0,4,10,11,42,38,0,0,0,0,0,0,0,0,0,0,0,4,3,0,0,0,0,0,0,0
Bryce,Young,D,41,Cannons,10,0,0,0,0,0,0,0,0,0,0,0,0,0,0,4,5,13,37,33,0,0,0,0,0,0,0,0,0,0,0,1,2,0,0,0,0,0,0,0
Garrett,Epple,D,52,Cannons,10,0,0,0,0,0,0,2,0,0,0,2,0,0,0,1,12,14,74,71,0,0,0,0,0,0,0,0,0,0,0,2,1.5,0,0,0,0,0,0,0
Levi,Verch,LSM,60,Chaos,10,0,0,0,0,0,0,3,0,1,0.33,2,0,0,0,5,4,20,51,43,0,0,0,0,0,0,0,0,0,0,0,1,1,0,0,0,0,0,0,0
Jake,Naso,FO,56,Archers,4,0,0,0,0,0,0,4,0,1,0.25,1,0,1,1,2,0,14,15,9,0.33,30,59,90,0,0,0,0,0,0,0,1,0.5,0,0,0,0,0,0,0
Payton,Rezanka,SSDM,34,Atlas,3,0,0,0,0,0,0,1,0,0,0,0,0,0,0,0,2,0,12,11,0,0,1,1,0,0,0,0,0,0,0,0,0,0,0,0,0,0,0,0
Nick,Washuta,G,18,Archers,1,0,0,0,0,0,0,0,0,0,0,0,0,0,0,0,0,0,0,0,0,0,0,0,0,0,0,0,0,0,0,0,0,0,0,0,0,0,0,0
BJ,Farrare,SSDM,70,Redwoods,10,0,0,0,0,0,0,2,0,0,0,1,0,0,0,2,7,12,40,36,0,0,1,1,0,0,0,0,0,0,0,2,1,0,0,0,0,0,0,0
Charlie,Hayes,SSDM,23,Waterdogs,2,0,0,0,0,0,0,1,0,0,0,0,0,0,0,0,1,2,12,11,0,0,1,1,0,0,0,0,0,0,0,0,0,0,0,0,0,0,0,0
Cole,Kastner,D,39,Redwoods,6,0,0,0,0,0,0,0,0,0,0,0,0,0,0,1,7,4,25,24,0,0,0,0,0,0,0,0,0,0,0,0,0,0,0,0,0,0,0,0
Dylan,Renner,G,1,Player Pool,1,0,0,0,0,0,0,0,0,0,0,0,0,0,0,0,0,0,1,1,0,0,0,0,0,0,0,0,0,0,0,0,0,0,0,0,0,0,0,0
Gavin,Adler,D,77,Atlas,10,0,0,0,0,0,0,0,0,0,0,0,0,0,0,4,13,11,56,52,0,0,0,0,0,0,0,0,0,0,0,1,0.5,0,0,0,0,0,0,0
Carter,Parlette,SSDM,21,Redwoods,1,0,0,0,0,0,0,0,0,0,0,0,0,0,0,0,0,1,5,5,0,0,0,0,0,0,0,0,0,0,0,0,0,0,0,0,0,0,0,0
Brett,Dobson,G,45,Archers,10,0,0,0,0,0,0,1,0,0,0,1,0,0,0,7,3,17,175,167,0,0,0,0,11.12,146,0.56,46,0.31,111,10,1,1,0,0,7,0,0,0,0
Colin,Kirst,G,5,Cannons,10,0,0,0,0,0,0,2,0,1,0.5,2,0,1,0.5,8,2,21,165,155,0,0,0,0,13.84,133,0.49,56,0.42,138,5,1,1,0,0,12,0,0,0,0
AJ,Pilate,D,46,Outlaws,3,0,0,0,0,0,0,1,0,0,0,0,0,0,0,1,1,4,6,4,0,0,0,0,0,0,0,0,0,0,0,0,0,0,0,0,0,0,0,0
Kyle,Aldridge,SSDM,24,Whipsnakes,2,0,0,0,0,0,0,0,0,0,0,0,0,0,0,0,1,4,15,15,0,0,0,0,0,0,0,0,0,0,0,0,0,0,0,0,0,0,0,0
Carter,Rice,SSDM,3,Redwoods,10,0,0,0,0,0,0,0,0,0,0,0,0,0,0,3,3,14,68,65,0,0,0,0,0,0,0,0,0,0,0,2,1,0,0,0,0,0,0,0
Logan,McNaney,G,30,Outlaws,8,0,0,0,0,0,0,1,0,0,0,1,0,0,0,6,4,17,157,150,0,0,0,0,10.56,109,0.55,66,0.6,86,8,0,0,0,0,6,0,0,0,0
Jack,DiBenedetto,D,31,Waterdogs,3,0,0,0,0,0,0,0,0,0,0,0,0,0,0,1,2,2,14,13,0,0,0,0,0,0,0,0,0,0,0,0,0,0,0,0,0,0,0,0
Koby,Smith,LSM,0,Atlas,2,0,0,0,0,0,0,0,0,0,0,0,0,0,0,2,1,3,8,6,0,0,0,0,0,0,0,0,0,0,0,0,0,0,0,0,0,0,0,0
Will,Mark,G,88,Atlas,2,0,0,0,0,0,0,0,0,0,0,0,0,0,0,0,0,1,1,1,0,0,0,0,0,0,0,0,0,0,0,0,0,0,0,0,0,0,0,0
Owen,McElroy,G,24,Outlaws,2,0,0,0,0,0,0,0,0,0,0,0,0,0,0,0,0,2,21,21,0,0,0,0,13.5,18,0.4,4,0.22,27,0,0,0,0,0,1,0,0,0,0
Brendan,Krebs,G,0,Whipsnakes,4,0,0,0,0,0,0,1,0,0,0,0,0,0,0,1,1,7,47,45,0,0,0,0,11,28,0.45,12,0.42,33,2,0,0,0,0,2,0,0,0,0
Matt,Knote,G,43,Redwoods,1,0,0,0,0,0,0,0,0,0,0,0,0,0,0,0,0,0,1,1,0,0,0,0,0,0,0,0,0,0,0,0,0,0,0,0,0,0,0,0
Cole,Kirst,M,47,Redwoods,1,0,0,0,0,0,0,2,0,1,0.5,0,0,0,0,1,0,0,8,5,0,0,0,0,0,0,0,0,0,0,0,0,0,0,0,0,0,0,0,0
Chris,Conlin,D,20,Redwoods,10,0,0,0,0,0,0,0,0,0,0,0,0,0,0,1,5,28,76,75,0,0,0,0,0,0,0,0,0,0,0,2,1.5,0,0,0,0,0,0,0
Max,Merklinger,A,42,Archers,2,0,0,0,0,0,0,4,0,2,0.5,1,0,0,0,2,0,1,22,16,0,0,0,0,0,0,0,0,0,0,0,0,0,0,0,0,0,0,0,0
Chayse,Ierlan,G,22,Redwoods,10,0,0,0,0,0,0,1,0,0,0,1,0,0,0,3,2,11,135,131,0,0,0,0,12.99,119,0.47,38,0.31,130,9,0,0,0,0,11,0,1,0,0
Alex,Mazzone,LSM,6,Whipsnakes,5,0,0,0,0,0,0,2,0,1,0.5,2,0,1,0.5,0,2,6,11,9,0,0,0,0,0,0,0,0,0,0,0,0,0,0,0,0,0,0,0,0
Emmet,Carroll,G,19,Whipsnakes,7,0,0,0,0,0,0,3,0,0,0,3,0,0,0,0,2,15,126,123,0,0,0,0,10.71,95,0.55,37,0.38,75,1,0,0,0,0,3,0,0,0,0
Michael,Boehm,A,91,Waterdogs,1,0,0,0,0,0,0,0,0,0,0,0,0,0,0,0,0,1,7,7,0,0,0,0,0,0,0,0,0,0,0,0,0,0,0,0,0,0,0,0
Nick,Rowlett,FO,73,Chaos,3,0,0,0,0,0,0,2,0,0,0,0,0,0,0,2,1,10,12,8,0.35,24,43,68,0,0,0,0,0,0,0,0,0,0,0,0,0,0,0,0
Eric,Dobson,M,66,Chaos,3,0,0,0,0,0,0,6,0,2,0.33,2,0,1,0.5,5,0,1,53,42,0,0,0,0,0,0,0,0,0,0,0,0,0,0,0,0,0,0,0,0
Jon,Robbins,LSM,41,Archers,1,0,0,0,0,0,0,0,0,0,0,0,0,0,0,0,0,0,1,1,0,0,0,0,0,0,0,0,0,0,0,0,0,0,0,0,0,0,0,0
Chet,Comizio,SSDM,57,Atlas,9,0,0,0,0,0,0,3,0,1,0.33,0,0,0,0,2,3,8,64,59,0,0,1,1,0,0,0,0,0,0,0,5,3,0,0,0,0,0,0,0
Nick,Grill,LSM,8,Outlaws,5,0,0,0,0,0,0,0,0,0,0,0,0,0,0,1,3,9,15,14,0,0,0,0,0,0,0,0,0,0,0,0,0,0,0,0,0,0,0,0
Liam,Byrnes,D,21,Waterdogs,0,0,0,0,0,0,0,0,0,0,0,0,0,0,0,0,0,0,0,0,0,0,0,0,0,0,0,0,0,0,0,0,0,0,0,0,0,0,0,0
Ethan,Walker,A,57,Waterdogs,0,0,0,0,0,0,0,0,0,0,0,0,0,0,0,0,0,0,0,0,0,0,0,0,0,0,0,0,0,0,0,0,0,0,0,0,0,0,0,0
Zed,Williams,A,28,Waterdogs,0,0,0,0,0,0,0,0,0,0,0,0,0,0,0,0,0,0,0,0,0,0,0,0,0,0,0,0,0,0,0,0,0,0,0,0,0,0,0,0
Kevin,Rogers,M,77,Chaos,0,0,0,0,0,0,0,0,0,0,0,0,0,0,0,0,0,0,0,0,0,0,0,0,0,0,0,0,0,0,0,0,0,0,0,0,0,0,0,0
Craig,Chick,LSM,13,Chaos,0,0,0,0,0,0,0,0,0,0,0,0,0,0,0,0,0,0,0,0,0,0,0,0,0,0,0,0,0,0,0,0,0,0,0,0,0,0,0,0
Will,Bowen,D,24,Chaos,0,0,0,0,0,0,0,0,0,0,0,0,0,0,0,0,0,0,0,0,0,0,0,0,0,0,0,0,0,0,0,0,0,0,0,0,0,0,0,0
Josh,Byrne,A,22,Chaos,0,0,0,0,0,0,0,0,0,0,0,0,0,0,0,0,0,0,0,0,0,0,0,0,0,0,0,0,0,0,0,0,0,0,0,0,0,0,0,0
Chris,Cloutier,A,2,Chaos,0,0,0,0,0,0,0,0,0,0,0,0,0,0,0,0,0,0,0,0,0,0,0,0,0,0,0,0,0,0,0,0,0,0,0,0,0,0,0,0
Cole,Williams,M,4,Chaos,0,0,0,0,0,0,0,0,0,0,0,0,0,0,0,0,0,0,0,0,0,0,0,0,0,0,0,0,0,0,0,0,0,0,0,0,0,0,0,0
Dhane,Smith,M,92,Chaos,0,0,0,0,0,0,0,0,0,0,0,0,0,0,0,0,0,0,0,0,0,0,0,0,0,0,0,0,0,0,0,0,0,0,0,0,0,0,0,0
Johnny,Surdick,D,18,Chaos,0,0,0,0,0,0,0,0,0,0,0,0,0,0,0,0,0,0,0,0,0,0,0,0,0,0,0,0,0,0,0,0,0,0,0,0,0,0,0,0
Brian,Minicus,M,7,Chaos,0,0,0,0,0,0,0,0,0,0,0,0,0,0,0,0,0,0,0,0,0,0,0,0,0,0,0,0,0,0,0,0,0,0,0,0,0,0,0,0
Ian,MacKay,SSDM,55,Chaos,0,0,0,0,0,0,0,0,0,0,0,0,0,0,0,0,0,0,0,0,0,0,0,0,0,0,0,0,0,0,0,0,0,0,0,0,0,0,0,0
Nathan,Laliberte,FO,81,Atlas,0,0,0,0,0,0,0,0,0,0,0,0,0,0,0,0,0,0,0,0,0,0,0,0,0,0,0,0,0,0,0,0,0,0,0,0,0,0,0,0
Brendan,Curry,M,16,Atlas,0,0,0,0,0,0,0,0,0,0,0,0,0,0,0,0,0,0,0,0,0,0,0,0,0,0,0,0,0,0,0,0,0,0,0,0,0,0,0,0
Christopher,Davis,SSDM,25,Atlas,0,0,0,0,0,0,0,0,0,0,0,0,0,0,0,0,0,0,0,0,0,0,0,0,0,0,0,0,0,0,0,0,0,0,0,0,0,0,0,0
Patrick,Shoemay,D,25,Archers,0,0,0,0,0,0,0,0,0,0,0,0,0,0,0,0,0,0,0,0,0,0,0,0,0,0,0,0,0,0,0,0,0,0,0,0,0,0,0,0
Devon,McLane,A,,Archers,0,0,0,0,0,0,0,0,0,0,0,0,0,0,0,0,0,0,0,0,0,0,0,0,0,0,0,0,0,0,0,0,0,0,0,0,0,0,0,0
Latrell,Harris,SSDM,22,Archers,0,0,0,0,0,0,0,0,0,0,0,0,0,0,0,0,0,0,0,0,0,0,0,0,0,0,0,0,0,0,0,0,0,0,0,0,0,0,0,0
JC,Higginbotham,G,32,Archers,0,0,0,0,0,0,0,0,0,0,0,0,0,0,0,0,0,0,0,0,0,0,0,0,0,0,0,0,0,0,0,0,0,0,0,0,0,0,0,0
Will,Lynch,FO,,Archers,0,0,0,0,0,0,0,0,0,0,0,0,0,0,0,0,0,0,0,0,0,0,0,0,0,0,0,0,0,0,0,0,0,0,0,0,0,0,0,0
Mitchell,Dunham,D,17,Archers,0,0,0,0,0,0,0,0,0,0,0,0,0,0,0,0,0,0,0,0,0,0,0,0,0,0,0,0,0,0,0,0,0,0,0,0,0,0,0,0
Colby,Barsz,D,24,Archers,0,0,0,0,0,0,0,0,0,0,0,0,0,0,0,0,0,0,0,0,0,0,0,0,0,0,0,0,0,0,0,0,0,0,0,0,0,0,0,0
James,Shipley,M,19,Archers,0,0,0,0,0,0,0,0,0,0,0,0,0,0,0,0,0,0,0,0,0,0,0,0,0,0,0,0,0,0,0,0,0,0,0,0,0,0,0,0
Ryan,Aughavin,M,42,Whipsnakes,0,0,0,0,0,0,0,0,0,0,0,0,0,0,0,0,0,0,0,0,0,0,0,0,0,0,0,0,0,0,0,0,0,0,0,0,0,0,0,0
Garrett,Leadmon,M,40,Whipsnakes,0,0,0,0,0,0,0,0,0,0,0,0,0,0,0,0,0,0,0,0,0,0,0,0,0,0,0,0,0,0,0,0,0,0,0,0,0,0,0,0
Kyle,Bernlohr,G,35,Whipsnakes,0,0,0,0,0,0,0,0,0,0,0,0,0,0,0,0,0,0,0,0,0,0,0,0,0,0,0,0,0,0,0,0,0,0,0,0,0,0,0,0
Scott,Cole,A,,Whipsnakes,0,0,0,0,0,0,0,0,0,0,0,0,0,0,0,0,0,0,0,0,0,0,0,0,0,0,0,0,0,0,0,0,0,0,0,0,0,0,0,0
Tucker,Dordevic,M,2,Whipsnakes,0,0,0,0,0,0,0,0,0,0,0,0,0,0,0,0,0,0,0,0,0,0,0,0,0,0,0,0,0,0,0,0,0,0,0,0,0,0,0,0
John,DeFazio,D,17,Whipsnakes,0,0,0,0,0,0,0,0,0,0,0,0,0,0,0,0,0,0,0,0,0,0,0,0,0,0,0,0,0,0,0,0,0,0,0,0,0,0,0,0
Matthew,Paolatto,FO,25,Whipsnakes,0,0,0,0,0,0,0,0,0,0,0,0,0,0,0,0,0,0,0,0,0,0,0,0,0,0,0,0,0,0,0,0,0,0,0,0,0,0,0,0
Wheaton,Jackoboice,SSDM,55,Whipsnakes,0,0,0,0,0,0,0,0,0,0,0,0,0,0,0,0,0,0,0,0,0,0,0,0,0,0,0,0,0,0,0,0,0,0,0,0,0,0,0,0
Jack,Koras,M,15,Whipsnakes,0,0,0,0,0,0,0,0,0,0,0,0,0,0,0,0,0,0,0,0,0,0,0,0,0,0,0,0,0,0,0,0,0,0,0,0,0,0,0,0
Ryan,Conrad,M,23,Whipsnakes,0,0,0,0,0,0,0,0,0,0,0,0,0,0,0,0,0,0,0,0,0,0,0,0,0,0,0,0,0,0,0,0,0,0,0,0,0,0,0,0
Jack,Kelly,G,94,Redwoods,0,0,0,0,0,0,0,0,0,0,0,0,0,0,0,0,0,0,0,0,0,0,0,0,0,0,0,0,0,0,0,0,0,0,0,0,0,0,0,0
Zach,Vigue,G,42,Redwoods,0,0,0,0,0,0,0,0,0,0,0,0,0,0,0,0,0,0,0,0,0,0,0,0,0,0,0,0,0,0,0,0,0,0,0,0,0,0,0,0
Connor,Cmiel,M,81,Redwoods,0,0,0,0,0,0,0,0,0,0,0,0,0,0,0,0,0,0,0,0,0,0,0,0,0,0,0,0,0,0,0,0,0,0,0,0,0,0,0,0
Isaiah,Davis-Allen,SSDM,26,Redwoods,0,0,0,0,0,0,0,0,0,0,0,0,0,0,0,0,0,0,0,0,0,0,0,0,0,0,0,0,0,0,0,0,0,0,0,0,0,0,0,0
Ryan,Tierney,M,13,Redwoods,0,0,0,0,0,0,0,0,0,0,0,0,0,0,0,0,0,0,0,0,0,0,0,0,0,0,0,0,0,0,0,0,0,0,0,0,0,0,0,0
Alex,Simmons,A,9,Redwoods,0,0,0,0,0,0,0,0,0,0,0,0,0,0,0,0,0,0,0,0,0,0,0,0,0,0,0,0,0,0,0,0,0,0,0,0,0,0,0,0
Wes,Berg,A,14,Redwoods,0,0,0,0,0,0,0,0,0,0,0,0,0,0,0,0,0,0,0,0,0,0,0,0,0,0,0,0,0,0,0,0,0,0,0,0,0,0,0,0
Chris,Gray,A,4,Redwoods,0,0,0,0,0,0,0,0,0,0,0,0,0,0,0,0,0,0,0,0,0,0,0,0,0,0,0,0,0,0,0,0,0,0,0,0,0,0,0,0
Griffin,Schutz,M,,Redwoods,0,0,0,0,0,0,0,0,0,0,0,0,0,0,0,0,0,0,0,0,0,0,0,0,0,0,0,0,0,0,0,0,0,0,0,0,0,0,0,0
Brendan,Nichtern,A,19,Redwoods,0,0,0,0,0,0,0,0,0,0,0,0,0,0,0,0,0,0,0,0,0,0,0,0,0,0,0,0,0,0,0,0,0,0,0,0,0,0,0,0
Nakeie,Montgomery,M,1,Redwoods,0,0,0,0,0,0,0,0,0,0,0,0,0,0,0,0,0,0,0,0,0,0,0,0,0,0,0,0,0,0,0,0,0,0,0,0,0,0,0,0
Marquez,White,SSDM,24,Redwoods,0,0,0,0,0,0,0,0,0,0,0,0,0,0,0,0,0,0,0,0,0,0,0,0,0,0,0,0,0,0,0,0,0,0,0,0,0,0,0,0
Jack,Myers,A,2,Outlaws,0,0,0,0,0,0,0,0,0,0,0,0,0,0,0,0,0,0,0,0,0,0,0,0,0,0,0,0,0,0,0,0,0,0,0,0,0,0,0,0
Will,Haus,SSDM,18,Outlaws,0,0,0,0,0,0,0,0,0,0,0,0,0,0,0,0,0,0,0,0,0,0,0,0,0,0,0,0,0,0,0,0,0,0,0,0,0,0,0,0
Mike,Messenger,SSDM,0,Outlaws,0,0,0,0,0,0,0,0,0,0,0,0,0,0,0,0,0,0,0,0,0,0,0,0,0,0,0,0,0,0,0,0,0,0,0,0,0,0,0,0
Pace,Billings,D,,Outlaws,0,0,0,0,0,0,0,0,0,0,0,0,0,0,0,0,0,0,0,0,0,0,0,0,0,0,0,0,0,0,0,0,0,0,0,0,0,0,0,0
Kevin,Parnham,D,16,Outlaws,0,0,0,0,0,0,0,0,0,0,0,0,0,0,0,0,0,0,0,0,0,0,0,0,0,0,0,0,0,0,0,0,0,0,0,0,0,0,0,0
Mike,Robinson,A,29,Cannons,0,0,0,0,0,0,0,0,0,0,0,0,0,0,0,0,0,0,0,0,0,0,0,0,0,0,0,0,0,0,0,0,0,0,0,0,0,0,0,0
Brian,Kelly,A,30,Cannons,0,0,0,0,0,0,0,0,0,0,0,0,0,0,0,0,0,0,0,0,0,0,0,0,0,0,0,0,0,0,0,0,0,0,0,0,0,0,0,0
John,Geppert,LSM,7,Cannons,0,0,0,0,0,0,0,0,0,0,0,0,0,0,0,0,0,0,0,0,0,0,0,0,0,0,0,0,0,0,0,0,0,0,0,0,0,0,0,0
Bubba,Fairman,SSDM,2,Cannons,0,0,0,0,0,0,0,0,0,0,0,0,0,0,0,0,0,0,0,0,0,0,0,0,0,0,0,0,0,0,0,0,0,0,0,0,0,0,0,0
TJ,Comizio,SSDM,33,Cannons,0,0,0,0,0,0,0,0,0,0,0,0,0,0,0,0,0,0,0,0,0,0,0,0,0,0,0,0,0,0,0,0,0,0,0,0,0,0,0,0